<?xml version="1.0" encoding="UTF-8"?>
<beans xmlns="http://www.springframework.org/schema/beans"
 xmlns:xsi="http://www.w3.org/2001/XMLSchema-instance"
 xmlns:context="http://www.springframework.org/schema/context"
 xmlns:mvc="http://www.springframework.org/schema/mvc"
 xsi:schemaLocation="
  http://www.springframework.org/schema/beans
     http://www.springframework.org/schema/beans/spring-beans.xsd
     http://www.springframework.org/schema/context
     http://www.springframework.org/schema/context/spring-context.xsd
     http://www.springframework.org/schema/mvc
        http://www.springframework.org/schema/mvc/spring-mvc.xsd">
 
 <!-- Provide support for component scanning -->
 <context:component-scan base-package="com.hcl" />
 
 <!--Provide support for conversion, formatting and validation -->
 <mvc:annotation-driven />
 
 <!-- Define Spring MVC view resolver -->
 <bean id="viewResolver"
  class="org.springframework.web.servlet.view.InternalResourceViewResolver">
  <property name="prefix" value="/WEB-INF/views/"></property>
  <property name="suffix" value=".jsp"></property>
 </bean>

 <bean id="ds" class="org.springframework.jdbc.datasource.DriverManagerDataSource">
  <property name="driverClassName" value="com.mysql.jdbc.Driver" />
  <property name="url" value="jdbc:mysql://localhost:3306/BankDetails" />
  <property name="username" value="root" />
  <property name="password" value="root" />
 </bean>
 <bean id="sessionFactory" class="org.springframework.orm.hibernate4.LocalSessionFactoryBean">
  <property name="dataSource" ref="ds"></property>
  <property name="annotatedClasses">
   <list>
    <value>com.hcl.model.Account</value>
    <value>com.hcl.model.CompositeKey</value>
    <value>com.hcl.model.Payee</value>
        <value>com.hcl.model.Transactions</value>
         <value>com.hcl.model.CustomerDetails</value>
    
   </list>
  </property>
  <property name="hibernateProperties">
   <props>
    <prop key="hibernate.dialect">org.hibernate.dialect.MySQL5Dialect</prop>
    <prop key="hibernate.show_sql">true</prop>
    <prop key="hibernate.hbm2ddl.auto">update</prop>
   </props>
  </property>
 </bean> 
 

</beans>